id,price
3208,33563.62
3209,25576.76
3210,30324.04
3211,39764.276
3212,19768.632
3213,73046.656
3214,23549.656
3215,16589.216
3216,50837.496
3217,42207.4
3218,31239.624
3219,21275.996
3220,62687.152
3221,56236.828
3222,18994.004
3223,107511.312
3224,44562.936
3225,26600.452
3226,42111.928
3227,53639.084
3228,32101.268
3229,55458.66
3230,13910.5
3231,52452.652
3232,41963.188
3233,56862.04
3234,45556.452
3235,19752.456
3236,26907.524
3237,22472.86
3238,13525.868
3239,18699.48
3240,30998.616
3241,58162.184
3242,24194.908
3243,24520.52
3244,21410.932
3245,34019.808
3246,18461.328
3247,102129.1
3248,53332.488
3249,31492.14
3250,17093.104
3251,49243.2
3252,54008.26
3253,50316.628
3254,31201.356
3255,36032.944
3256,29973.192
3257,16658.416
3258,38151.424
3259,31800.236
3260,21420.788
3261,51488.036
3262,31726.152
3263,42759.136
3264,27322.08
3265,15504.168
3266,51757.06
3267,23094.192
3268,50581.476
3269,22819.948
3270,28213.084
3271,13474.312
3272,61714.888
3273,41081.016
3274,21575.572
3275,31997.04
3276,21120.708
3277,34320.972
3278,41437.976
3279,38100.092
3280,65805.132
3281,9180.096
3282,34728.512
3283,25422.292
3284,47413.5
3285,23107.172
3286,20227.976
3287,79713.992
3288,64290.192
3289,48645.2
3290,48305.76
3291,23516.892
3292,30374.364
3293,93971.812
3294,35829.976
3295,19063.552
3296,99333.916
3297,18986.844
3298,35982.732
3299,20899.064
3300,19365.744
3301,38239.98
3302,24219.784
3303,40297.028
3304,64148.368
3305,36411.072
3306,111542.492
3307,13518.328
3308,45389.6
3309,20321.94
3310,15515.752
3311,17223.856
3312,36894.036
3313,52518.184
3314,29035.304
3315,52549.564
3316,29063.636
3317,50971.0
3318,18804.52
3319,20558.244
3320,19701.044
3321,53153.328
3322,14523.624
3323,20466.04
3324,18187.968
3325,34253.8
3326,49059.06
3327,13309.904
3328,51348.34
3329,22791.628
3330,88970.896
3331,19496.984
3332,33020.536
3333,43240.552
3334,14999.088
3335,17024.52
3336,14701.308
3337,22776.936
3338,29028.388
3339,138249.264
3340,13176.056
3341,39737.664
3342,36816.432
3343,22386.208
3344,34689.488
3345,80559.988
3346,43959.808
3347,15191.028
3348,163828.84
3349,13901.764
3350,13657.848
3351,54125.78
3352,20073.408
3353,23791.916
3354,20340.844
3355,44104.196
3356,37270.996
3357,124502.828
3358,47074.544
3359,63368.508
3360,28702.816
3361,74598.196
3362,56935.26
3363,39886.204
3364,11675.268
3365,20771.1
3366,40675.156
3367,16987.364
3368,43330.76
3369,34233.788
3370,101410.744
3371,13261.456
3372,34718.772
3373,17765.748
3374,48742.8
3375,27429.46
3376,20472.944
3377,11221.868
3378,51905.296
3379,32771.82
3380,36560.32
3381,38281.192
3382,16787.096
3383,13387.812
3384,16467.004
3385,21744.744
3386,39301.612
3387,31771.324
3388,20098.548
3389,29121.02
3390,24621.552
3391,50582.8
3392,90793.76
3393,19049.676
3394,16985.552
3395,38641.192
3396,20997.96
3397,37494.828
3398,38511.528
3399,116059.22
3400,13600.868
3401,14136.72
3402,18978.728
3403,24976.62
3404,54863.976
3405,14131.104
3406,31673.004
3407,22162.916
3408,21931.328
3409,45173.588
3410,36364.408
3411,54541.82
3412,21071.356
3413,34240.636
3414,14750.588
3415,17838.928
3416,22865.128
3417,32267.968
3418,44737.804
3419,29481.188
3420,48417.096
3421,54172.9
3422,14885.32
3423,38594.372
3424,22211.32
3425,428828.844
3426,15987.912
3427,41207.04
3428,36388.596
3429,17366.356
3430,21612.516
3431,89684.12
3432,28656.372
3433,47577.972
3434,22826.324
3435,61954.264
3436,21268.584
3437,22151.848
3438,22252.088
3439,35151.048
3440,41811.468
3441,92679.268
3442,26442.992
3443,69769.564
3444,34584.9
3445,22322.42
3446,76003.076
3447,40370.984
3448,18069.408
3449,60750.888
3450,18226.144
3451,40014.572
3452,52307.528
3453,24980.432
3454,23148.132
3455,13756.28
3456,60993.408
3457,19903.196
3458,50056.624
3459,32330.332
3460,117508.2
3461,38478.82
3462,47024.42
3463,15436.044
3464,10847.724
3465,35159.916
3466,38677.196
3467,71105.816
3468,34109.44
3469,56779.676
3470,42545.812
3471,16890.804
3472,34461.072
3473,93771.496
3474,46435.74
3475,37599.388
3476,64043.152
3477,81059.328
3478,33516.22
3479,33899.468
3480,18469.368
3481,26445.016
3482,83448.076
3483,11246.672
3484,150007.716
3485,44804.076
3486,47654.416
3487,53944.332
3488,11161.516
3489,45910.712
3490,14628.436
3491,50390.052
3492,16816.136
3493,56583.284
3494,44267.144
3495,15880.732
3496,51550.152
3497,23823.52
3498,30161.772
3499,44219.76
3500,43601.06
3501,30956.608
3502,30120.384
3503,52981.368
3504,38126.076
3505,18856.7
3506,46879.88
3507,76088.624
3508,48888.744
3509,28612.392
3510,36257.464
3511,28369.596
3512,30154.912
3513,17663.992
3514,42321.816
3515,51148.732
3516,34131.256
3517,32239.508
3518,33106.068
3519,55438.708
3520,29190.716
3521,48784.852
3522,55487.308
3523,59628.728
3524,29459.188
3525,22192.756
3526,20449.808
3527,102450.848
3528,64937.788
3529,50314.476
3530,38585.204
3531,38446.696
3532,82898.448
3533,22584.412
3534,45418.18
3535,31234.312
3536,19933.796
3537,45818.476
3538,24372.484
3539,35031.22
3540,52569.14
3541,43604.084
3542,41916.324
3543,32167.676
3544,38730.252
3545,13320.404
3546,19897.064
3547,13036.912
3548,63300.656
3549,49923.284
3550,16680.36
3551,74083.104
3552,40341.048
3553,69412.788
3554,118649.52
3555,12452.508
3556,23290.564
3557,30658.732
3558,135962.7
3559,86682.432
3560,66674.548
3561,41428.032
3562,30008.668
3563,116592.7
3564,25489.844
3565,124928.292
3566,31893.788
3567,59135.256
3568,42084.312
3569,125052.7
3570,14704.732
3571,68988.908
3572,35073.484
3573,10782.86
3574,30636.016
3575,17087.112
3576,17600.4
3577,22655.74
3578,87293.232
3579,33804.728
3580,31128.184
3581,32953.252
3582,26376.592
3583,60385.792
3584,16430.072
3585,45894.4
3586,22637.624
3587,19574.564
3588,11567.548
3589,39435.9
3590,23726.544
3591,78382.46
3592,36711.476
3593,78902.58
3594,59474.012
3595,37523.776
3596,41677.756
3597,36394.184
3598,27252.884
3599,48696.732
3600,12434.68
3601,26205.36
3602,29854.972
3603,29658.464
3604,62918.808
3605,20961.392
3606,32034.132
3607,20024.48
3608,29411.756
3609,12658.692
3610,20136.86
3611,14839.096
3612,20801.964
3613,56289.388
3614,21990.188
3615,34328.276
3616,26034.4
3617,66755.824
3618,23356.448
3619,32854.208
3620,42569.164
3621,44502.98
3622,35453.824
3623,68002.392
3624,13432.452
3625,217797.856
3626,27034.308
3627,36799.544
3628,16273.62
3629,77305.692
3630,46221.78
3631,17668.576
3632,21083.908
3633,43823.404
3634,11796.748
3635,53432.652
3636,32678.596
3637,44662.284
3638,13617.444
3639,45719.472
3640,82143.868
3641,38747.66
3642,17562.18
3643,15381.676
3644,38902.828
3645,52470.216
3646,36878.464
3647,55810.884
3648,30571.696
3649,70571.2
3650,49646.444
3651,12859.5
3652,56007.208
3653,22081.124
3654,18857.472
3655,72929.036
3656,37605.444
3657,27323.284
3658,29286.284
3659,154999.28
3660,56819.328
3661,20542.104
3662,49910.296
3663,64463.852
3664,50611.72
3665,32862.256
3666,23205.584
3667,27928.088
3668,19488.048
3669,39474.868
3670,33833.064
3671,115123.876
3672,85731.752
3673,74514.904
3674,37827.444
3675,26659.732
3676,13139.464
3677,26271.828
3678,34307.516
3679,52803.028
3680,46213.288
3681,47526.612
3682,46215.128
3683,41188.784
3684,37031.86
3685,45811.436
3686,42755.44
3687,66097.1
3688,41751.508
3689,47313.9
3690,63297.276
3691,26694.492
3692,37609.604
3693,36243.72
3694,55756.72
3695,43630.704
3696,15288.208
3697,97047.048
3698,49249.292
3699,80202.26
3700,45877.74
3701,47775.308
3702,61823.644
3703,33093.224
3704,14887.172
3705,68123.616
3706,33159.56
3707,53462.12
3708,56890.136
3709,58065.532
3710,19144.148
3711,27043.252
3712,91391.384
3713,62536.764
3714,16423.08
3715,49504.192
3716,15872.288
3717,52357.152
3718,26348.476
3719,35475.356
3720,106648.4
3721,45836.636
3722,39625.592
3723,42821.86
3724,17472.012
3725,31214.576
3726,42331.628
3727,34736.396
3728,35540.084
3729,37185.256
3730,35859.476
3731,36653.312
3732,18588.256
3733,49574.304
3734,33411.496
3735,30391.292
3736,19262.624
3737,15444.092
3738,52704.412
3739,72529.136
3740,52550.08
3741,60485.772
3742,74124.836
3743,11241.784
3744,58168.712
3745,19055.888
3746,9509.58
3747,15268.288
3748,38680.168
3749,26843.532
3750,66042.372
3751,64513.232
3752,32261.224
3753,15918.652
3754,48417.076
3755,30762.036
3756,47361.852
3757,40195.884
3758,36348.092
3759,27708.528
3760,33264.712
3761,135579.824
3762,54913.952
3763,20776.176
3764,40664.116
3765,21528.288
3766,17644.244
3767,41298.852
3768,25968.628
3769,91108.14
3770,51247.868
3771,40980.368
3772,29084.192
3773,74714.812
3774,22693.932
3775,46375.148
3776,92755.592
3777,16110.636
3778,157644.716
3779,43707.004
3780,41306.568
3781,57147.228
3782,28134.8
3783,43068.212
3784,37591.636
3785,30455.828
3786,47010.392
3787,54614.448
3788,33373.964
3789,64538.772
3790,40144.684
3791,40801.912
3792,31652.128
3793,248598.556
3794,12900.452
3795,12668.548
3796,18399.296
3797,37601.656
3798,50440.536
3799,27859.924
3800,9569.736
3801,71833.94
3802,14367.152
3803,41269.952
3804,19673.264
3805,17627.008
3806,16022.988
3807,15130.176
3808,14371.388
3809,32291.052
3810,19525.404
3811,23440.892
3812,30008.052
3813,23761.94
3814,64959.86
3815,14442.132
3816,33132.696
3817,56126.436
3818,18880.952
3819,20559.228
3820,28184.636
3821,24184.984
3822,14460.244
3823,58064.916
3824,60837.312
3825,37191.624
3826,56377.4
3827,18535.088
3828,40079.784
3829,43051.728
3830,82952.288
3831,60690.028
3832,33895.524
3833,40025.272
3834,21141.392
3835,14373.384
3836,30524.796
3837,36870.588
3838,32685.98
3839,67389.188
3840,12363.0
3841,22948.416
3842,121495.464
3843,17322.408
3844,76170.144
3845,21721.708
3846,23866.444
3847,26055.952
3848,18854.624
3849,30383.416
3850,34187.124
3851,11057.296
3852,16401.912
3853,20649.604
3854,20099.84
3855,28333.116
3856,66932.3
3857,44980.116
3858,44916.336
3859,16650.536
3860,12136.704
3861,33253.084
3862,13990.34
3863,14004.904
3864,40687.76
3865,11465.932
3866,33448.396
3867,99905.908
3868,53475.52
3869,71201.476
3870,40280.704
3871,31698.048
3872,37404.852
3873,66844.528
3874,47930.624
3875,82659.548
3876,35670.808
3877,26039.488
3878,19071.5
3879,43498.572
3880,21020.196
3881,53011.836
3882,18435.056
3883,17356.996
3884,81008.456
3885,66841.628
3886,28192.472
3887,28248.196
3888,19008.268
3889,29863.812
3890,25896.856
3891,25292.984
3892,51048.592
3893,30420.892
3894,35216.616
3895,22969.668
3896,126048.888
3897,20011.632
3898,11167.38
3899,19131.152
3900,66680.324
3901,32992.588
3902,47162.808
3903,62300.776
3904,39657.544
3905,39057.924
3906,25041.876
3907,33256.784
3908,14072.616
3909,23078.764
3910,29273.684
3911,24191.056
3912,13703.496
3913,31370.112
3914,34584.232
3915,94608.9
3916,51153.616
3917,51365.132
3918,36496.068
3919,29905.432
3920,14471.804
3921,108065.996
3922,85855.14
3923,21607.688
3924,38989.336
3925,28853.704
3926,33450.212
3927,31874.152
3928,28276.18
3929,26278.244
3930,12116.184
3931,19793.744
3932,36388.776
3933,36856.532
3934,152027.748
3935,47098.976
3936,83603.072
3937,19409.248
3938,49044.22
3939,32994.844
3940,23805.572
3941,23402.264
3942,48024.16
3943,41079.744
3944,63230.976
3945,47241.356
3946,20794.172
3947,87114.064
3948,52938.724
3949,26051.368
3950,19397.08
3951,11238.096
3952,26444.648
3953,47648.008
3954,26442.592
3955,51640.836
3956,15935.736
3957,50138.128
3958,81489.244
3959,16741.864
3960,75101.092
3961,72340.688
3962,10562.076
3963,61109.508
3964,19501.36
3965,14817.536
3966,21780.852
3967,139925.34
3968,27605.332
3969,34120.488
3970,59578.552
3971,73395.028
3972,21648.916
3973,38129.464
3974,79240.084
3975,12108.728
3976,41699.068
3977,45114.932
3978,57290.18
3979,26037.204
3980,16186.676
3981,46258.92
3982,30717.54
3983,26410.928
3984,39844.844
3985,50585.516
3986,49851.0
3987,47271.292
3988,47902.496
3989,53044.44
3990,25208.08
3991,36328.908
3992,30903.804
3993,29444.964
3994,33477.752
3995,31036.18
3996,17827.776
3997,27167.48
3998,31572.684
3999,36602.104
4000,59161.34
4001,47076.876
4002,99725.084
4003,14842.652
4004,50901.132
4005,14468.22
4006,13168.64
4007,16514.464
4008,41062.176
4009,33558.824
